candidate	stage	verdict	rel_cost	rel_wall	d_correctness	d_quality	hypothesis
margin-010	screen	survive	0.0000	0.0370	0.0125	0.0167	A much lower margin floor trades away stability for more decisive Jev/helper answers.
margin-010	validate	inconclusive	-	-	-0.0250	-	A much lower margin floor trades away stability for more decisive Jev/helper answers.
margin-030	screen	discard	0.0000	0.0538	-0.0208	-0.2667	A moderately higher margin floor buys some stability without much lost coverage.
margin-040	screen	survive	0.0000	0.0406	0.0125	0.0167	A high margin floor maximizes stability at the cost of coverage/correctness.
margin-040	validate	inconclusive	-	-	-0.0194	-	A high margin floor maximizes stability at the cost of coverage/correctness.
confidence-raised	screen	discard	0.0000	0.0329	-0.0042	-0.0167	Raising the confidence floor above its compiled default (0.5 -> 0.6) improves stability without an unacceptable correctness cost.
margin-015	screen	survive	0.0000	0.0122	0.0125	0.0167	A slightly lower margin floor keeps every acted field stable while acting on more Jev answers.
margin-015	validate	inconclusive	-	-	-0.0167	-	A slightly lower margin floor keeps every acted field stable while acting on more Jev answers.
margin-025	screen	discard	0.0000	0.0377	-0.0250	-0.0083	A slightly higher margin floor removes the residual clarify flips without entering the ~0.3 margin cluster.
margin-017	screen	discard	0.0000	0.0412	0.0042	0.0000	The lowest margin that still clears every stable answer the 2026-09-18 measurement saw (>= 0.17) removes the residual clarify flips.
